<?xml version="1.0"?>
<rss version="2.0" xmlns:dc="http://purl.org/dc/elements/1.1/" xmlns:itunes="http://www.itunes.com/dtds/podcast-1.0.dtd">
<channel>
<title>Engadget</title>
<link>http://www.engadget.com</link>
<description>Engadget</description>
<image>
<url>http://www.engadget.com/media/feedlogo.gif</url>
<title>Engadget</title>
<link>http://www.engadget.com</link>
</image>
<language>en-us</language>
<copyright>Copyright 2014 AOL Inc. The contents of this feed are available for non-commercial use only.</copyright>
<generator>Blogsmith http://www.blogsmith.com/</generator>
<itunes:author>Terrence O'Brien and Ben Gilbert</itunes:author><itunes:image href="http://www.engadget.com/media/engadget-classic-1400.jpg" /><itunes:summary>Join Terrence O'Brien, Ben Gilbert, Joseph Volpe and a rotating cast of Engadget editors as they break down the latest news, reviews and goings-on in the world of smartphones, laptops, tablets and more</itunes:summary><itunes:category text="Technology"><itunes:category text="Gadgets" /></itunes:category>
<item>
<title><![CDATA[NPR One delivers personalized public radio on the go]]></title>
<link>http://www.engadget.com/2014/07/28/npr-one-app/?utm_source=Classic_Podcasts_Mp3&amp;utm_medium=feed&amp;utm_campaign=Engadget</link>
<guid isPermaLink="false">http://www.engadget.com/2014/07/28/npr-one-app/</guid>
<comments>http://www.engadget.com/2014/07/28/npr-one-app/?utm_source=Classic_Podcasts_Mp3&amp;utm_medium=feed&amp;utm_campaign=Engadget#comments</comments><description>
<![CDATA[
<p>Filed under: <a href="http://www.engadget.com/category/podcasts/?utm_source=Classic_Podcasts_Mp3&amp;utm_medium=feed&amp;utm_campaign=Engadget" rel="tag">Podcasts</a>, <a href="http://www.engadget.com/category/software/?utm_source=Classic_Podcasts_Mp3&amp;utm_medium=feed&amp;utm_campaign=Engadget" rel="tag">Software</a>, <a href="http://www.engadget.com/category/mobile/?utm_source=Classic_Podcasts_Mp3&amp;utm_medium=feed&amp;utm_campaign=Engadget" rel="tag">Mobile</a></p>
<div style="text-align: center;"><a href="http://www.engadget.com/2014/07/28/npr-one-app/?utm_source=Classic_Podcasts_Mp3&amp;utm_medium=feed&amp;utm_campaign=Engadget"><img data-credit="AOL" src="http://o.aolcdn.com/hss/storage/midas/c2fa350a96e792e2f69666cc3edd440d/200491884/nprone.jpg" data-mep="370420" alt="" /></a></div>

<p>NPR already has a few options for sorting its <a href="http://www.engadget.com/2012/02/15/npr-music-ipad-app/?utm_source=Classic_Podcasts_Mp3&amp;utm_medium=feed&amp;utm_campaign=Engadget">range of programming</a>, but now the public radio outfit is looking to get more specific. The latest effort is the NPR One, which offers a local <a href="http://www.engadget.com/2014/06/11/itunes-radio-espn-and-npr/?utm_source=Classic_Podcasts_Mp3&amp;utm_medium=feed&amp;utm_campaign=Engadget">stream</a> along with curated content that's accessible with one tap -- all broken down into short segments. For example, upon launching the app and signing in with a Facebook, Google or NPR account, pressing play begins streaming the latest update from the closest station (WUNC in my case). Swiping to the left of the Now Playing section offers a history of recently broadcast content for a quick recap, while a swipe to the right allows you to scroll through upcoming bits. There's also controls for skipping back in 15-second increments and jumping from the current story to another. Of course, if you're after the latest <em>All Songs Considered </em>or <em>Fresh Air </em>episodes, those are easily searchable as well. Both Android and iOS apps are available via their respective repositories.</p>

<h6 style="clear: both; padding: 8px 0 0 0; height: 2px; font-size: 1px; border: 0; margin: 0; padding: 0;"></h6>

<a href="http://www.engadget.com/2014/07/28/npr-one-app/?utm_source=Classic_Podcasts_Mp3&amp;utm_medium=feed&amp;utm_campaign=Engadget" rel="bookmark" title="Permanent link to this entry">Permalink</a>
&nbsp;|&nbsp;
<a href="http://www.engadget.com/forward/20937964/?utm_source=Classic_Podcasts_Mp3&amp;utm_medium=feed&amp;utm_campaign=Engadget" title="Send this entry to a friend via email">Email this</a>
&nbsp;|&nbsp;
<a href="http://www.engadget.com/2014/07/28/npr-one-app/?utm_source=Classic_Podcasts_Mp3&amp;utm_medium=feed&amp;utm_campaign=Engadget#comments" title="View reader comments on this entry">Comments</a>
]]>
</description>
<category>app</category><category>mobilepostcross</category><category>npr</category><category>nprone</category><category>publicradio</category><category>software</category>

<dc:creator><![CDATA[Billy Steele]]></dc:creator>
<pubDate>Mon, 28 Jul 2014 14:03:00 -0400</pubDate>

</item>





<item>
<title><![CDATA[Engadget Podcast 399 - 5.30.14]]></title>
<link>http://www.engadget.com/2014/05/30/engadget-podcast-399/?utm_source=Classic_Podcasts_Mp3&amp;utm_medium=feed&amp;utm_campaign=Engadget</link>
<guid isPermaLink="false">http://www.engadget.com/2014/05/30/engadget-podcast-399/</guid>
<comments>http://www.engadget.com/2014/05/30/engadget-podcast-399/?utm_source=Classic_Podcasts_Mp3&amp;utm_medium=feed&amp;utm_campaign=Engadget#comments</comments><description>
<![CDATA[
<p>Filed under: <a href="http://www.engadget.com/category/podcasts/?utm_source=Classic_Podcasts_Mp3&amp;utm_medium=feed&amp;utm_campaign=Engadget" rel="tag">Podcasts</a></p>
<p class="image-container" style="text-align: center;"><a href="http://www.engadget.com/2014/05/30/engadget-podcast-399/?utm_source=Classic_Podcasts_Mp3&amp;utm_medium=feed&amp;utm_campaign=Engadget"><img data-credit="AOL" data-mep="278070" src="http://o.aolcdn.com/hss/storage/midas/3917ef8128aada8618681b144933455b/200164391/engadget-classic-630.jpg" alt="" /></a></p>
We're taking the elephant in the room for a ride this week and jumping right into Apple's <a href="http://www.engadget.com/2014/05/28/apple-acquires-beats-electronics-for-3-billion/?utm_source=Classic_Podcasts_Mp3&amp;utm_medium=feed&amp;utm_campaign=Engadget">purchase of Beats</a>, including both its Electronics and Music divisions. Since we're back in cramped confines of our NYC "studio," that scenario is more implausible than usual, especially with our guest Edgar Alvarez adding to the head count. Space issues like this may soon be forgotten as Oculus is picking up some heavy hitting partners for expansion of its virtual reality plans. This time it's <a href="http://www.engadget.com/2014/05/30/samsung-oculus-partnership/?utm_source=Classic_Podcasts_Mp3&amp;utm_medium=feed&amp;utm_campaign=Engadget">joined forces with Samsung</a> to work on a mobile device-based platform that plans to put VR into the hands of everyday smartphone users. Ben also chats about his visit to the <a href="http://www.engadget.com/2014/05/29/white-house-science-fair-2014/?utm_source=Classic_Podcasts_Mp3&amp;utm_medium=feed&amp;utm_campaign=Engadget">White House Science Fair</a>, where young minds are delivering some serious research and engineering projects. With our future in good hands and delicious waffles on the horizon, we wish you a happy Friday and leave you with another edition of the Engadget Podcast.

<p><strong>Hosts:</strong><span> </span><a href="http://www.engadget.com/about/editors/ben-gilbert/?utm_source=Classic_Podcasts_Mp3&amp;utm_medium=feed&amp;utm_campaign=Engadget">Ben Gilbert</a>, <a href="http://www.engadget.com/about/editors/terrence-obrien/?utm_source=Classic_Podcasts_Mp3&amp;utm_medium=feed&amp;utm_campaign=Engadget">Terrence O'Brien</a></p>

<p><strong>Guest:</strong> <a href="http://www.engadget.com/about/editors/edgar-alvarez/?utm_source=Classic_Podcasts_Mp3&amp;utm_medium=feed&amp;utm_campaign=Engadget">Edgar Alvarez</a></p>

<p><strong>Producer:</strong> <a href="http://www.engadget.com/about/editors/jon-turi/?utm_source=Classic_Podcasts_Mp3&amp;utm_medium=feed&amp;utm_campaign=Engadget">Jon Turi</a></p>

<p><strong>Hear the podcast:</strong><br />
 <object -flash="" application="" data="http://www.weblogsinc.com/media/audio_player.swf" height="100" type="application/x-shockwave-flash" width="330" x-shockwave=""><param name="movie" value="http://www.weblogsinc.com/media/audio_player.swf" /><param name="FlashVars" value="soundFile=http://podcasts.aolcdn.com/engadget/podcasts/Engadget_Podcast_399_player.mp3" /><param name="quality" value="high" /><param name="menu" value="false" /><param name="wmode" value="transparent" /></object></p>
<p><a href="http://www.engadget.com/2014/05/30/engadget-podcast-399/?utm_source=Classic_Podcasts_Mp3&amp;utm_medium=feed&amp;utm_campaign=Engadget" rel="bookmark">Read the Full Story <em>Engadget Podcast 399 - 5.30.14</em></a></p>
<h6 style="clear: both; padding: 8px 0 0 0; height: 2px; font-size: 1px; border: 0; margin: 0; padding: 0;"></h6>

<a href="http://www.engadget.com/2014/05/30/engadget-podcast-399/?utm_source=Classic_Podcasts_Mp3&amp;utm_medium=feed&amp;utm_campaign=Engadget" rel="bookmark" title="Permanent link to this entry">Permalink</a>
&nbsp;|&nbsp;
<a href="http://www.engadget.com/forward/20900820/?utm_source=Classic_Podcasts_Mp3&amp;utm_medium=feed&amp;utm_campaign=Engadget" title="Send this entry to a friend via email">Email this</a>
&nbsp;|&nbsp;
<a href="http://www.engadget.com/2014/05/30/engadget-podcast-399/?utm_source=Classic_Podcasts_Mp3&amp;utm_medium=feed&amp;utm_campaign=Engadget#comments" title="View reader comments on this entry">Comments</a>
]]>
</description>
<category>engadget podcast</category><category>engadget podcast 399</category><category>minipost</category><category>podcast</category><category>podcasts</category>
<enclosure url="http://www.engadget.com/podcasts/Engadget_Podcast_399.mp3" length="49919081" type="audio/mpeg"/>
<dc:creator><![CDATA[Jon Turi]]></dc:creator>
<pubDate>Fri, 30 May 2014 18:29:00 -0400</pubDate>
<itunes:subtitle>Engadget Podcast 399</itunes:subtitle><itunes:author>Ben Gilbert, Terrence O'Brien, Edgar Alvarez</itunes:author><itunes:duration>56:00</itunes:duration><itunes:keywords>podcasts</itunes:keywords>
</item>


<item>
<title><![CDATA[Engadget Podcast 398 - 5.26.14]]></title>
<link>http://www.engadget.com/2014/05/26/engadget-podcast-398/?utm_source=Classic_Podcasts_Mp3&amp;utm_medium=feed&amp;utm_campaign=Engadget</link>
<guid isPermaLink="false">http://www.engadget.com/2014/05/26/engadget-podcast-398/</guid>
<comments>http://www.engadget.com/2014/05/26/engadget-podcast-398/?utm_source=Classic_Podcasts_Mp3&amp;utm_medium=feed&amp;utm_campaign=Engadget#comments</comments><description>
<![CDATA[
<p>Filed under: <a href="http://www.engadget.com/category/podcasts/?utm_source=Classic_Podcasts_Mp3&amp;utm_medium=feed&amp;utm_campaign=Engadget" rel="tag">Podcasts</a>, <a href="http://www.engadget.com/category/microsoft/?utm_source=Classic_Podcasts_Mp3&amp;utm_medium=feed&amp;utm_campaign=Engadget" rel="tag">Microsoft</a></p>
<p class="image-container" style="text-align: center;"><a href="http://www.engadget.com/2014/05/26/engadget-podcast-398/?utm_source=Classic_Podcasts_Mp3&amp;utm_medium=feed&amp;utm_campaign=Engadget"><img data-credit="AOL" data-mep="272173" src="http://o.aolcdn.com/hss/storage/midas/3917ef8128aada8618681b144933455b/200164391/engadget-classic-630.jpg" alt="" /></a></p>
It's all happening in San Francisco this week, as your hosts are joined by Tim Seppala and Mat Smith to talk NSA reform, <a href="http://www.engadget.com/2014/05/23/surface-pro-3-review/?utm_source=Classic_Podcasts_Mp3&amp;utm_medium=feed&amp;utm_campaign=Engadget">Surface Pro 3</a>, burritos and.. Guy Fieri? Terrence takes the time to detail the <a href="http://www.engadget.com/2014/05/22/gutted-nsa-reform-bill-passes-the-house-but-sheds-supporters/?utm_source=Classic_Podcasts_Mp3&amp;utm_medium=feed&amp;utm_campaign=Engadget">recent bill</a> that passed in the house, which makes steps in the right direction to rein in the NSA's snooping, but fails to make a serious impact. There's also Microsoft's new "slate-top," a combination of tablet and laptop that's much improved over the previous Surface generation, but at a wallet-busting price. We have plenty more fun and news packed into this edition -- and at least one office dog -- so join us at the streaming links below for our slightly delayed, but worth-the-wait episode of the Engadget Podcast.

<p><strong>Hosts:</strong><span> </span><a href="http://www.engadget.com/about/editors/ben-gilbert/?utm_source=Classic_Podcasts_Mp3&amp;utm_medium=feed&amp;utm_campaign=Engadget">Ben Gilbert</a>, <a href="http://www.engadget.com/about/editors/terrence-obrien/?utm_source=Classic_Podcasts_Mp3&amp;utm_medium=feed&amp;utm_campaign=Engadget">Terrence O'Brien</a></p>

<p><strong>Guests:</strong> <a href="http://www.engadget.com/about/editors/timothy-j-seppala?utm_source=Classic_Podcasts_Mp3&amp;utm_medium=feed&amp;utm_campaign=Engadget">Timothy Seppala</a>, <a href="http://www.engadget.com/about/editors/mat-smith?utm_source=Classic_Podcasts_Mp3&amp;utm_medium=feed&amp;utm_campaign=Engadget">Mat Smith</a></p>

<p><strong>Producer:</strong> <a href="http://www.engadget.com/about/editors/jon-turi/?utm_source=Classic_Podcasts_Mp3&amp;utm_medium=feed&amp;utm_campaign=Engadget">Jon Turi</a></p>

<p><strong>Hear the podcast:</strong><br />
 <object -flash="" application="" data="http://www.weblogsinc.com/media/audio_player.swf" height="100" type="application/x-shockwave-flash" width="330" x-shockwave=""><param name="movie" value="http://www.weblogsinc.com/media/audio_player.swf" /><param name="FlashVars" value="soundFile=http://podcasts.aolcdn.com/engadget/podcasts/Engadget_Podcast_398-player.mp3" /><param name="quality" value="high" /><param name="menu" value="false" /><param name="wmode" value="transparent" /></object></p>
<p><a href="http://www.engadget.com/2014/05/26/engadget-podcast-398/?utm_source=Classic_Podcasts_Mp3&amp;utm_medium=feed&amp;utm_campaign=Engadget" rel="bookmark">Read the Full Story <em>Engadget Podcast 398 - 5.26.14</em></a></p>
<h6 style="clear: both; padding: 8px 0 0 0; height: 2px; font-size: 1px; border: 0; margin: 0; padding: 0;"></h6>

<a href="http://www.engadget.com/2014/05/26/engadget-podcast-398/?utm_source=Classic_Podcasts_Mp3&amp;utm_medium=feed&amp;utm_campaign=Engadget" rel="bookmark" title="Permanent link to this entry">Permalink</a>
&nbsp;|&nbsp;
<a href="http://www.engadget.com/forward/20892410/?utm_source=Classic_Podcasts_Mp3&amp;utm_medium=feed&amp;utm_campaign=Engadget" title="Send this entry to a friend via email">Email this</a>
&nbsp;|&nbsp;
<a href="http://www.engadget.com/2014/05/26/engadget-podcast-398/?utm_source=Classic_Podcasts_Mp3&amp;utm_medium=feed&amp;utm_campaign=Engadget#comments" title="View reader comments on this entry">Comments</a>
]]>
</description>
<category>engadget podcast</category><category>episode 398</category><category>microsoft</category><category>minipost</category><category>podcast</category><category>podcasts</category>
<enclosure url="http://www.engadget.com/podcasts/Engadget_Podcast_398.mp3" length="51470338" type="audio/mpeg"/>
<dc:creator><![CDATA[Jon Turi]]></dc:creator>
<pubDate>Mon, 26 May 2014 20:01:00 -0400</pubDate>
<itunes:subtitle>Engadget Podcast 398</itunes:subtitle><itunes:author>Ben Gilbert, Terrence O'Brien, Tim Seppala, Mat Smith</itunes:author><itunes:duration>53:37</itunes:duration><itunes:keywords>podcasts</itunes:keywords>
</item>



<item>
<title><![CDATA[Engadget Podcast 397 - 5.16.14]]></title>
<link>http://www.engadget.com/2014/05/16/engadget-podcast-397/?utm_source=Classic_Podcasts_Mp3&amp;utm_medium=feed&amp;utm_campaign=Engadget</link>
<guid isPermaLink="false">http://www.engadget.com/2014/05/16/engadget-podcast-397/</guid>
<comments>http://www.engadget.com/2014/05/16/engadget-podcast-397/?utm_source=Classic_Podcasts_Mp3&amp;utm_medium=feed&amp;utm_campaign=Engadget#comments</comments><description>
<![CDATA[
<p>Filed under: <a href="http://www.engadget.com/category/podcasts/?utm_source=Classic_Podcasts_Mp3&amp;utm_medium=feed&amp;utm_campaign=Engadget" rel="tag">Podcasts</a></p>
<p class="image-container" style="text-align: center;"><a href="http://www.engadget.com/2014/05/16/engadget-podcast-397/?utm_source=Classic_Podcasts_Mp3&amp;utm_medium=feed&amp;utm_campaign=Engadget"><img data-credit="AOL" data-mep="260641" src="http://o.aolcdn.com/hss/storage/midas/1b0e839ea92d70a8dd1ea0cc05e5765b/200046458/engadget-classic-630.jpg" alt="" /></a></p>
It's been a long and busy week, leaving a newly nicotine-free Terrence a tad more irritable than usual. Ben's been busy too, but that just means long hours of playing <em>Mario Kart 8</em>. Both of these factors seem to cancel each other out and the result is a pleasant stroll through the world of Xbox One, this time <a href="http://www.engadget.com/2014/05/13/xbox-one-400-dollars/?utm_source=Classic_Podcasts_Mp3&amp;utm_medium=feed&amp;utm_campaign=Engadget">sporting a lower price tag</a> and one less peripheral. Is it Microsoft's way to boost sales, or are there more complex plans afoot? It depends on who you listen too, but the Redmond camp believes it's doing gamers with tight budgets <a href="http://www.engadget.com/2014/05/13/xbox-one-price-interview/?utm_source=Classic_Podcasts_Mp3&amp;utm_medium=feed&amp;utm_campaign=Engadget">a big favor</a>. We also dig into the issue of <a href="http://www.engadget.com/2014/05/12/smart-gun-explainer/?utm_source=Classic_Podcasts_Mp3&amp;utm_medium=feed&amp;utm_campaign=Engadget">smart guns</a>: how they work and what it could mean for the future of firearms. So plop on down in your comfiest chair and get ready for the smooth sounds of tech news, brought to you by the Engadget Podcast crew.

<p><strong>Hosts:</strong><span> </span><a href="http://www.engadget.com/about/editors/ben-gilbert/?utm_source=Classic_Podcasts_Mp3&amp;utm_medium=feed&amp;utm_campaign=Engadget">Ben Gilbert</a>, <a href="http://www.engadget.com/about/editors/terrence-obrien/?utm_source=Classic_Podcasts_Mp3&amp;utm_medium=feed&amp;utm_campaign=Engadget">Terrence O'Brien</a></p>

<p><strong>Producer:</strong> <a href="http://www.engadget.com/about/editors/jon-turi/?utm_source=Classic_Podcasts_Mp3&amp;utm_medium=feed&amp;utm_campaign=Engadget">Jon Turi</a></p>

<p><strong>Hear the podcast:</strong><br />
 <object -flash="" application="" data="http://www.weblogsinc.com/media/audio_player.swf" height="100" type="application/x-shockwave-flash" width="330" x-shockwave=""><param name="movie" value="http://www.weblogsinc.com/media/audio_player.swf" /><param name="FlashVars" value="soundFile=http://podcasts.aolcdn.com/engadget/podcasts/Engadget_Podcast_397.mp3" /><param name="quality" value="high" /><param name="menu" value="false" /><param name="wmode" value="transparent" /></object></p>
<p><a href="http://www.engadget.com/2014/05/16/engadget-podcast-397/?utm_source=Classic_Podcasts_Mp3&amp;utm_medium=feed&amp;utm_campaign=Engadget" rel="bookmark">Read the Full Story <em>Engadget Podcast 397 - 5.16.14</em></a></p>
<h6 style="clear: both; padding: 8px 0 0 0; height: 2px; font-size: 1px; border: 0; margin: 0; padding: 0;"></h6>

<a href="http://www.engadget.com/2014/05/16/engadget-podcast-397/?utm_source=Classic_Podcasts_Mp3&amp;utm_medium=feed&amp;utm_campaign=Engadget" rel="bookmark" title="Permanent link to this entry">Permalink</a>
&nbsp;|&nbsp;
<a href="http://www.engadget.com/forward/20887196/?utm_source=Classic_Podcasts_Mp3&amp;utm_medium=feed&amp;utm_campaign=Engadget" title="Send this entry to a friend via email">Email this</a>
&nbsp;|&nbsp;
<a href="http://www.engadget.com/2014/05/16/engadget-podcast-397/?utm_source=Classic_Podcasts_Mp3&amp;utm_medium=feed&amp;utm_campaign=Engadget#comments" title="View reader comments on this entry">Comments</a>
]]>
</description>
<category>engadget podcast</category><category>engadgetpodcast</category><category>episode 397</category><category>minipost</category><category>podcast</category><category>podcasts</category>
<enclosure url="http://www.engadget.com/podcasts/Engadget_Podcast_397.mp3" length="51747917" type="audio/mpeg"/>
<dc:creator><![CDATA[Jon Turi]]></dc:creator>
<pubDate>Fri, 16 May 2014 18:46:00 -0400</pubDate>
<itunes:subtitle>Engadget Podcast 397</itunes:subtitle><itunes:author>Ben Gilbert, Terrence O'Brien</itunes:author><itunes:duration>58:29</itunes:duration><itunes:keywords>podcasts</itunes:keywords>
</item>

<item>
<title><![CDATA[The Engadget Podcast is live at 12PM ET!]]></title>
<link>http://www.engadget.com/2014/05/16/engadget-podcast/?utm_source=Classic_Podcasts_Mp3&amp;utm_medium=feed&amp;utm_campaign=Engadget</link>
<guid isPermaLink="false">http://www.engadget.com/2014/05/16/engadget-podcast/</guid>
<comments>http://www.engadget.com/2014/05/16/engadget-podcast/?utm_source=Classic_Podcasts_Mp3&amp;utm_medium=feed&amp;utm_campaign=Engadget#comments</comments><description>
<![CDATA[
<p>Filed under: <a href="http://www.engadget.com/category/podcasts/?utm_source=Classic_Podcasts_Mp3&amp;utm_medium=feed&amp;utm_campaign=Engadget" rel="tag">Podcasts</a></p>
<div style="text-align: center;"><a href="http://www.engadget.com/2014/05/16/engadget-podcast/?utm_source=Classic_Podcasts_Mp3&amp;utm_medium=feed&amp;utm_campaign=Engadget"><img alt="" src="http://o.aolcdn.com/hss/storage/midas/92b1fedfff21cb1742fed1f755d20dba/200128376/xb1_engpodcast_630pxhedimg.jpg" /></a></div>

<p>It's been another whirlwind week here at Engadget Towers. Microsoft <a href="http://www.engadget.com/2014/05/13/xbox-one-400-dollars/?utm_source=Classic_Podcasts_Mp3&amp;utm_medium=feed&amp;utm_campaign=Engadget">suddenly dropped Kinect</a> from the Xbox One (along with <a href="http://www.engadget.com/2014/05/13/xbox-one-price-interview/?utm_source=Classic_Podcasts_Mp3&amp;utm_medium=feed&amp;utm_campaign=Engadget">$100 from the price tag</a>), the United States government <a href="http://www.engadget.com/2014/05/15/fcc-net-neutrality-redux-fast-lanes/?utm_source=Classic_Podcasts_Mp3&amp;utm_medium=feed&amp;utm_campaign=Engadget">voted in rules on net neutrality</a> that are...let's just call them "disagreeable," and my podcast co-host Terrence O'Brien dug into <a href="http://www.engadget.com/2014/05/12/smart-gun-explainer/?utm_source=Classic_Podcasts_Mp3&amp;utm_medium=feed&amp;utm_campaign=Engadget">the world of smart guns</a>. We'll be talking all three on this week's show, as well as a smattering of other, assuredly goofy things. Perhaps you've got questions/comments/excellent <a href="http://www.engadget.com/2014/05/10/reaction-gifs/?utm_source=Classic_Podcasts_Mp3&amp;utm_medium=feed&amp;utm_campaign=Engadget">reaction GIFs</a> to share? Drop them in the chatroll below, or get at us <a href="http://www.twitter.com/engadget">on Twitter</a>!</p>
<p><a href="http://www.engadget.com/2014/05/16/engadget-podcast/?utm_source=Classic_Podcasts_Mp3&amp;utm_medium=feed&amp;utm_campaign=Engadget" rel="bookmark">Read the Full Story <em>The Engadget Podcast is live at 12PM ET!</em></a></p>
<h6 style="clear: both; padding: 8px 0 0 0; height: 2px; font-size: 1px; border: 0; margin: 0; padding: 0;"></h6>

<a href="http://www.engadget.com/2014/05/16/engadget-podcast/?utm_source=Classic_Podcasts_Mp3&amp;utm_medium=feed&amp;utm_campaign=Engadget" rel="bookmark" title="Permanent link to this entry">Permalink</a>
&nbsp;|&nbsp;
<a href="http://www.engadget.com/forward/20887210/?utm_source=Classic_Podcasts_Mp3&amp;utm_medium=feed&amp;utm_campaign=Engadget" title="Send this entry to a friend via email">Email this</a>
&nbsp;|&nbsp;
<a href="http://www.engadget.com/2014/05/16/engadget-podcast/?utm_source=Classic_Podcasts_Mp3&amp;utm_medium=feed&amp;utm_campaign=Engadget#comments" title="View reader comments on this entry">Comments</a>
]]>
</description>
<category>podcast</category><category>podcasts</category>

<dc:creator><![CDATA[Ben Gilbert]]></dc:creator>
<pubDate>Fri, 16 May 2014 12:30:00 -0400</pubDate>

</item>



<item>
<title><![CDATA[Engadget Podcast 396 - 5.9.14]]></title>
<link>http://www.engadget.com/2014/05/09/engadget-podcast-396/?utm_source=Classic_Podcasts_Mp3&amp;utm_medium=feed&amp;utm_campaign=Engadget</link>
<guid isPermaLink="false">http://www.engadget.com/2014/05/09/engadget-podcast-396/</guid>
<comments>http://www.engadget.com/2014/05/09/engadget-podcast-396/?utm_source=Classic_Podcasts_Mp3&amp;utm_medium=feed&amp;utm_campaign=Engadget#comments</comments><description>
<![CDATA[
<p>Filed under: <a href="http://www.engadget.com/category/podcasts/?utm_source=Classic_Podcasts_Mp3&amp;utm_medium=feed&amp;utm_campaign=Engadget" rel="tag">Podcasts</a></p>
<p class="image-container" style="text-align: center;"><a href="http://www.engadget.com/2014/05/09/engadget-podcast-396/?utm_source=Classic_Podcasts_Mp3&amp;utm_medium=feed&amp;utm_campaign=Engadget"><img data-credit="AOL" data-mep="251701" src="http://o.aolcdn.com/hss/storage/midas/1b0e839ea92d70a8dd1ea0cc05e5765b/200046458/engadget-classic-630.jpg" alt="" /></a></p>

<p>Dr. Dre hit it big this week with Apple flinging $3.2 billion his way for Beats Electronics and the <s>Cristal</s> beers were flowin' <a href="http://www.engadget.com/2014/05/09/beats-apple-confirmed/?utm_source=Classic_Podcasts_Mp3&amp;utm_medium=feed&amp;utm_campaign=Engadget">in celebration</a>. Big Ben and JV are throwing down their thoughts on the matter, but it's not like it was <a href="http://www.engadget.com/2014/02/19/facebook-to-buy-whatsapp-for-16-billion/?utm_source=Classic_Podcasts_Mp3&amp;utm_medium=feed&amp;utm_campaign=Engadget"><em>WhatsApp</em> money</a>. Nintendo made the news as well, although not in such a celebratory light. The tight-lipped company failed to spin a certain social blunder with its <em>Tomodachi Life</em> game and the response from the Twitterverse <a href="http://www.engadget.com/2014/05/08/nintendo-tomodachi-life-miiversity/?utm_source=Classic_Podcasts_Mp3&amp;utm_medium=feed&amp;utm_campaign=Engadget">has been <em>fierce</em></a>. Life can be tough sometimes. But hey, if you've got the dough, you can soon live smarter in NYC's <a href="http://www.engadget.com/2014/05/07/hudson-yards-smart-neighborhood/?utm_source=Classic_Podcasts_Mp3&amp;utm_medium=feed&amp;utm_campaign=Engadget">upcoming smart neighborhood</a>. In the meantime, stay strong, keep your chin up and remember, it's okay if things <a href="http://youtu.be/ldi9677mj60">get a little Nasty</a> sometimes. Please enjoy this week's Engadget Podcast responsibly.</p>

<p><strong>Hosts:</strong><span> </span><a href="http://www.engadget.com/about/editors/ben-gilbert/?utm_source=Classic_Podcasts_Mp3&amp;utm_medium=feed&amp;utm_campaign=Engadget">Ben Gilbert</a>, <a href="http://www.engadget.com/about/editors/joseph-volpe/?utm_source=Classic_Podcasts_Mp3&amp;utm_medium=feed&amp;utm_campaign=Engadget">Joseph Volpe</a></p>

<p><strong>Producer:</strong> <a href="http://www.engadget.com/about/editors/jon-turi/?utm_source=Classic_Podcasts_Mp3&amp;utm_medium=feed&amp;utm_campaign=Engadget">Jon Turi</a></p>

<p><strong>Hear the podcast:</strong><br />
 <object -flash="" application="" data="http://www.weblogsinc.com/media/audio_player.swf" height="100" type="application/x-shockwave-flash" width="330" x-shockwave=""><param name="movie" value="http://www.weblogsinc.com/media/audio_player.swf" /><param name="FlashVars" value="soundFile=http://podcasts.aolcdn.com/engadget/podcasts/Engadget_Podcast_396.mp3" /><param name="quality" value="high" /><param name="menu" value="false" /><param name="wmode" value="transparent" /></object></p>
<p><a href="http://www.engadget.com/2014/05/09/engadget-podcast-396/?utm_source=Classic_Podcasts_Mp3&amp;utm_medium=feed&amp;utm_campaign=Engadget" rel="bookmark">Read the Full Story <em>Engadget Podcast 396 - 5.9.14</em></a></p>
<h6 style="clear: both; padding: 8px 0 0 0; height: 2px; font-size: 1px; border: 0; margin: 0; padding: 0;"></h6>

<a href="http://www.engadget.com/2014/05/09/engadget-podcast-396/?utm_source=Classic_Podcasts_Mp3&amp;utm_medium=feed&amp;utm_campaign=Engadget" rel="bookmark" title="Permanent link to this entry">Permalink</a>
&nbsp;|&nbsp;
<a href="http://www.engadget.com/forward/20883439/?utm_source=Classic_Podcasts_Mp3&amp;utm_medium=feed&amp;utm_campaign=Engadget" title="Send this entry to a friend via email">Email this</a>
&nbsp;|&nbsp;
<a href="http://www.engadget.com/2014/05/09/engadget-podcast-396/?utm_source=Classic_Podcasts_Mp3&amp;utm_medium=feed&amp;utm_campaign=Engadget#comments" title="View reader comments on this entry">Comments</a>
]]>
</description>
<category>engadget podcast</category><category>engadgetpodcast</category><category>episode 396</category><category>minipost</category><category>podcast</category><category>podcasts</category>
<enclosure url="http://www.engadget.com/podcasts/Engadget_Podcast_396-2.mp3" length="49985446" type="audio/mpeg"/>
<dc:creator><![CDATA[Jon Turi]]></dc:creator>
<pubDate>Fri, 09 May 2014 18:57:00 -0400</pubDate>
<itunes:subtitle>Engadget Podcast 396</itunes:subtitle><itunes:author>Ben Gilbert, Joseph Volpe</itunes:author><itunes:duration>58:03</itunes:duration><itunes:keywords>podcasts</itunes:keywords>
</item>

<item>
<title><![CDATA[The Engadget Podcast is live at 12PM ET!]]></title>
<link>http://www.engadget.com/2014/05/09/engadget-podcast/?utm_source=Classic_Podcasts_Mp3&amp;utm_medium=feed&amp;utm_campaign=Engadget</link>
<guid isPermaLink="false">http://www.engadget.com/2014/05/09/engadget-podcast/</guid>
<comments>http://www.engadget.com/2014/05/09/engadget-podcast/?utm_source=Classic_Podcasts_Mp3&amp;utm_medium=feed&amp;utm_campaign=Engadget#comments</comments><description>
<![CDATA[
<p>Filed under: <a href="http://www.engadget.com/category/podcasts/?utm_source=Classic_Podcasts_Mp3&amp;utm_medium=feed&amp;utm_campaign=Engadget" rel="tag">Podcasts</a></p>
<p class="image-container" style="text-align: center;"><a href="http://www.engadget.com/2014/05/09/engadget-podcast/?utm_source=Classic_Podcasts_Mp3&amp;utm_medium=feed&amp;utm_campaign=Engadget"><img alt="Beats By Dr. Dre &amp; GRAFF Diamonds Special Event" data-caption="NEW YORK, NY - JANUARY 31:  The Million Dollar Headphones by Beats by Dr. Dre &amp; GRAFF Diamonds on January 31, 2014 in New York City.  (Photo by Noam Galai/Getty Images for Beats by Dr. Dre)" data-credit="Getty" data-mep="251077" src="http://o.aolcdn.com/hss/storage/midas/d447afa82729aff588e03269dc64bbc3/200103878/beatsdiamonds_630pxhedimg.jpg" /></a></p>

<p><a href="http://www.engadget.com/2014/05/09/beats-apple-confirmed/?utm_source=Classic_Podcasts_Mp3&amp;utm_medium=feed&amp;utm_campaign=Engadget"><em>Drunk Dr. Dre, y'all</em></a>. That's where we're at this morning, having witnessed the hilarity of him and Tyrese celebrating the <a href="http://www.engadget.com/2014/05/08/apple-rumored-to-be-acquiring-beats/?utm_source=Classic_Podcasts_Mp3&amp;utm_medium=feed&amp;utm_campaign=Engadget">still unannounced $3.2 billion purchase</a> of Beats by Apple. We're down one beirdo, but Ben (that's me) and special guest star Joseph are here to talk through the past week: Nintendo's dreary financials, New York City's biggest construction project in a century, and the aforementioned hilarity/enormity of the Beats purchase. Grab a pair of comfy headphones, your favorite burrito bowl with extra pico de gallo, and saddle up for this week's show.</p>
<p><a href="http://www.engadget.com/2014/05/09/engadget-podcast/?utm_source=Classic_Podcasts_Mp3&amp;utm_medium=feed&amp;utm_campaign=Engadget" rel="bookmark">Read the Full Story <em>The Engadget Podcast is live at 12PM ET!</em></a></p>
<h6 style="clear: both; padding: 8px 0 0 0; height: 2px; font-size: 1px; border: 0; margin: 0; padding: 0;"></h6>

<a href="http://www.engadget.com/2014/05/09/engadget-podcast/?utm_source=Classic_Podcasts_Mp3&amp;utm_medium=feed&amp;utm_campaign=Engadget" rel="bookmark" title="Permanent link to this entry">Permalink</a>
&nbsp;|&nbsp;
<a href="http://www.engadget.com/forward/20883142/?utm_source=Classic_Podcasts_Mp3&amp;utm_medium=feed&amp;utm_campaign=Engadget" title="Send this entry to a friend via email">Email this</a>
&nbsp;|&nbsp;
<a href="http://www.engadget.com/2014/05/09/engadget-podcast/?utm_source=Classic_Podcasts_Mp3&amp;utm_medium=feed&amp;utm_campaign=Engadget#comments" title="View reader comments on this entry">Comments</a>
]]>
</description>
<category>engadgetpodcast</category><category>podcast</category><category>podcasts</category>

<dc:creator><![CDATA[Ben Gilbert]]></dc:creator>
<pubDate>Fri, 09 May 2014 12:30:00 -0400</pubDate>

</item>



<item>
<title><![CDATA[Engadget Podcast 395 - 5.2.14]]></title>
<link>http://www.engadget.com/2014/05/02/engadget-podcast-395/?utm_source=Classic_Podcasts_Mp3&amp;utm_medium=feed&amp;utm_campaign=Engadget</link>
<guid isPermaLink="false">http://www.engadget.com/2014/05/02/engadget-podcast-395/</guid>
<comments>http://www.engadget.com/2014/05/02/engadget-podcast-395/?utm_source=Classic_Podcasts_Mp3&amp;utm_medium=feed&amp;utm_campaign=Engadget#comments</comments><description>
<![CDATA[
<p>Filed under: <a href="http://www.engadget.com/category/podcasts/?utm_source=Classic_Podcasts_Mp3&amp;utm_medium=feed&amp;utm_campaign=Engadget" rel="tag">Podcasts</a></p>
<p class="image-container" style="text-align: center;"><a href="http://www.engadget.com/2014/05/02/engadget-podcast-395/?utm_source=Classic_Podcasts_Mp3&amp;utm_medium=feed&amp;utm_campaign=Engadget"><img data-credit="AOL" data-mep="242814" src="http://o.aolcdn.com/hss/storage/midas/1b0e839ea92d70a8dd1ea0cc05e5765b/200046458/engadget-classic-630.jpg" alt="" /></a></p>

<p>Urban legend confirmed. Atari <em>did</em> <a href="http://www.engadget.com/2014/05/01/true-story-et-atari/?utm_source=Classic_Podcasts_Mp3&amp;utm_medium=feed&amp;utm_campaign=Engadget">dump a pile of its <em>E.T.</em> game cartridges</a> into a landfill in New Mexico and it's thanks to Microsoft's recent <a href="http://www.engadget.com/2014/04/28/xbox-entertainment-studios-shows/?utm_source=Classic_Podcasts_Mp3&amp;utm_medium=feed&amp;utm_campaign=Engadget">documentary efforts</a> that we've gotten some closure. This leads your hosts to ponder the situation that led up to the cast off games and what it meant for Atari at the time. Inevitably, Terrence recalls his own Atari experiences as a youth, sitting down with a second-hand console and blasting away the hours with <a href="http://en.wikipedia.org/wiki/Yars%27_Revenge"><em>Yars Revenge</em></a>. Ben is perfectly fine to sit back and listen -- he was a Nintendo kid, after all. But soon enough, he sets his gaming-honed gray matter in motion and delivers a cogent explanation about <a href="http://www.engadget.com/2014/04/29/mobile-privacy-explained/?utm_source=Classic_Podcasts_Mp3&amp;utm_medium=feed&amp;utm_campaign=Engadget">mobile privacy rights</a>. It's all packed into this one episode, so head on down to the streaming links and feed your brain with the Engadget Podcast. It's delicious!</p>

<p><strong>Hosts:</strong><span> <a href="http://www.engadget.com/about/editors/terrence-obrien/?utm_source=Classic_Podcasts_Mp3&amp;utm_medium=feed&amp;utm_campaign=Engadget">Terrence O'Brien</a>,</span> <a href="http://www.engadget.com/about/editors/ben-gilbert/?utm_source=Classic_Podcasts_Mp3&amp;utm_medium=feed&amp;utm_campaign=Engadget">Ben Gilbert</a></p>

<p><strong>Producer:</strong> <a href="http://www.engadget.com/about/editors/jon-turi/?utm_source=Classic_Podcasts_Mp3&amp;utm_medium=feed&amp;utm_campaign=Engadget">Jon Turi</a></p>

<p><strong>Hear the podcast:</strong><br />
 <object -flash="" application="" data="http://www.weblogsinc.com/media/audio_player.swf" height="100" type="application/x-shockwave-flash" width="330" x-shockwave=""><param name="movie" value="http://www.weblogsinc.com/media/audio_player.swf" /><param name="FlashVars" value="soundFile=http://podcasts.aolcdn.com/engadget/podcasts/Engadget_Podcast_395.mp3" /><param name="quality" value="high" /><param name="menu" value="false" /><param name="wmode" value="transparent" /></object></p>
<p><a href="http://www.engadget.com/2014/05/02/engadget-podcast-395/?utm_source=Classic_Podcasts_Mp3&amp;utm_medium=feed&amp;utm_campaign=Engadget" rel="bookmark">Read the Full Story <em>Engadget Podcast 395 - 5.2.14</em></a></p>
<h6 style="clear: both; padding: 8px 0 0 0; height: 2px; font-size: 1px; border: 0; margin: 0; padding: 0;"></h6>

<a href="http://www.engadget.com/2014/05/02/engadget-podcast-395/?utm_source=Classic_Podcasts_Mp3&amp;utm_medium=feed&amp;utm_campaign=Engadget" rel="bookmark" title="Permanent link to this entry">Permalink</a>
&nbsp;|&nbsp;
<a href="http://www.engadget.com/forward/20879566/?utm_source=Classic_Podcasts_Mp3&amp;utm_medium=feed&amp;utm_campaign=Engadget" title="Send this entry to a friend via email">Email this</a>
&nbsp;|&nbsp;
<a href="http://www.engadget.com/2014/05/02/engadget-podcast-395/?utm_source=Classic_Podcasts_Mp3&amp;utm_medium=feed&amp;utm_campaign=Engadget#comments" title="View reader comments on this entry">Comments</a>
]]>
</description>
<category>atari</category><category>atari 2600</category><category>e.t. the extra terrestrial</category><category>engadget podcast</category><category>engadgetpodcast</category><category>episode 395</category><category>minipost</category><category>podcast</category><category>podcasts</category><category>yars revenge</category>
<enclosure url="http://www.engadget.com/podcasts/Engadget_Podcast_395.mp3" length="51404839" type="audio/mpeg"/>
<dc:creator><![CDATA[Jon Turi]]></dc:creator>
<pubDate>Fri, 02 May 2014 18:45:00 -0400</pubDate>
<itunes:subtitle>Engadget Podcast 395</itunes:subtitle><itunes:author>Terrence O'Brien, Ben Gilbert</itunes:author><itunes:duration>58:12</itunes:duration><itunes:keywords>podcasts</itunes:keywords>
</item>


<item>
<title><![CDATA[Engadget Podcast 394 - 4.25.14]]></title>
<link>http://www.engadget.com/2014/04/25/engadget-podcast-394/?utm_source=Classic_Podcasts_Mp3&amp;utm_medium=feed&amp;utm_campaign=Engadget</link>
<guid isPermaLink="false">http://www.engadget.com/2014/04/25/engadget-podcast-394/</guid>
<comments>http://www.engadget.com/2014/04/25/engadget-podcast-394/?utm_source=Classic_Podcasts_Mp3&amp;utm_medium=feed&amp;utm_campaign=Engadget#comments</comments><description>
<![CDATA[
<p>Filed under: <a href="http://www.engadget.com/category/podcasts/?utm_source=Classic_Podcasts_Mp3&amp;utm_medium=feed&amp;utm_campaign=Engadget" rel="tag">Podcasts</a></p>
<p class="image-container" style="text-align: center;"><a href="http://www.engadget.com/2014/04/25/engadget-podcast-394/?utm_source=Classic_Podcasts_Mp3&amp;utm_medium=feed&amp;utm_campaign=Engadget"><img data-credit="AOL" data-mep="232113" src="http://o.aolcdn.com/hss/storage/midas/1b0e839ea92d70a8dd1ea0cc05e5765b/200046458/engadget-classic-630.jpg" alt="" /></a></p>

<p>Ben and Terrence are serving up a big bureaucratic burrito this week, chock full of <a href="http://www.engadget.com/2014/04/25/fcc-net-neutrality-wheeler/?utm_source=Classic_Podcasts_Mp3&amp;utm_medium=feed&amp;utm_campaign=Engadget">net neutrality</a>, legalese and corporate self-interest. To help you digest this gut-buster of a mind meal, we've enlisted Engadget's Editor-in-chief and self-proclaimed armchair attorney Michael Gorman. It's refreshing to know that the <a href="http://www.engadget.com/2014/04/22/aereo-supreme-court/?ncid=rss_truncated?utm_source=Classic_Podcasts_Mp3&amp;utm_medium=feed&amp;utm_campaign=Engadget">Supreme Court</a> is having an intelligent discussion about <a href="http://www.engadget.com/2014/04/22/aereo-supreme-court-explained/?utm_source=Classic_Podcasts_Mp3&amp;utm_medium=feed&amp;utm_campaign=Engadget">Aereo's conflict</a> with the big wigs in broadcast TV, but the outcome is anyone's guess at this point. As always, laws are laden with doublespeak and nebulous terms, leaving lots of wiggle room for <a href="http://youtu.be/PF_iorX_MAw">greedy corporations</a> that favor the bottom line over customers desires. Please join us for this week's <em>lawyerly</em> edition of the Engadget Podcast.</p>

<p><strong>Hosts:</strong><span> <a href="http://www.engadget.com/about/editors/terrence-obrien/?utm_source=Classic_Podcasts_Mp3&amp;utm_medium=feed&amp;utm_campaign=Engadget">Terrence O'Brien</a>,</span> <a href="http://www.engadget.com/about/editors/ben-gilbert/?utm_source=Classic_Podcasts_Mp3&amp;utm_medium=feed&amp;utm_campaign=Engadget">Ben Gilbert</a><br />
<br />
<strong>Guest: </strong><a href="http://www.engadget.com/about/editors/michael-gorman/?utm_source=Classic_Podcasts_Mp3&amp;utm_medium=feed&amp;utm_campaign=Engadget">Michael Gorman</a></p>

<p><strong>Producer:</strong> <a href="http://www.engadget.com/about/editors/jon-turi/?utm_source=Classic_Podcasts_Mp3&amp;utm_medium=feed&amp;utm_campaign=Engadget">Jon Turi</a></p>

<p><strong>Hear the podcast:</strong><br />
 <object -flash="" application="" data="http://www.weblogsinc.com/media/audio_player.swf" height="100" type="application/x-shockwave-flash" width="330" x-shockwave=""><param name="movie" value="http://www.weblogsinc.com/media/audio_player.swf" /><param name="FlashVars" value="soundFile=http://podcasts.aolcdn.com/engadget/podcasts/Engadget_Podcast_394.mp3" /><param name="quality" value="high" /><param name="menu" value="false" /><param name="wmode" value="transparent" /></object></p>
<p><a href="http://www.engadget.com/2014/04/25/engadget-podcast-394/?utm_source=Classic_Podcasts_Mp3&amp;utm_medium=feed&amp;utm_campaign=Engadget" rel="bookmark">Read the Full Story <em>Engadget Podcast 394 - 4.25.14</em></a></p>
<h6 style="clear: both; padding: 8px 0 0 0; height: 2px; font-size: 1px; border: 0; margin: 0; padding: 0;"></h6>

<a href="http://www.engadget.com/2014/04/25/engadget-podcast-394/?utm_source=Classic_Podcasts_Mp3&amp;utm_medium=feed&amp;utm_campaign=Engadget" rel="bookmark" title="Permanent link to this entry">Permalink</a>
&nbsp;|&nbsp;
<a href="http://www.engadget.com/forward/20875046/?utm_source=Classic_Podcasts_Mp3&amp;utm_medium=feed&amp;utm_campaign=Engadget" title="Send this entry to a friend via email">Email this</a>
&nbsp;|&nbsp;
<a href="http://www.engadget.com/2014/04/25/engadget-podcast-394/?utm_source=Classic_Podcasts_Mp3&amp;utm_medium=feed&amp;utm_campaign=Engadget#comments" title="View reader comments on this entry">Comments</a>
]]>
</description>
<category>aereo</category><category>engadget podcast</category><category>fcc</category><category>minipost</category><category>net neutrality</category><category>podcast</category><category>podcasts</category><category>supreme court</category>
<enclosure url="http://www.engadget.com/podcasts/Engadget_Podcast_394.mp3" length="49694743" type="audio/mpeg"/>
<dc:creator><![CDATA[Jon Turi]]></dc:creator>
<pubDate>Fri, 25 Apr 2014 19:30:00 -0400</pubDate>
<itunes:subtitle>Engadget Podcast 394</itunes:subtitle><itunes:author>Ben Gilbert, Terrence O'Brien, Michael Gorman</itunes:author><itunes:duration>59:53</itunes:duration><itunes:keywords>podcasts</itunes:keywords>
</item>


<item>
<title><![CDATA[Engadget Podcast 393 - 4.18.14]]></title>
<link>http://www.engadget.com/2014/04/18/engadget-podcast-393/?utm_source=Classic_Podcasts_Mp3&amp;utm_medium=feed&amp;utm_campaign=Engadget</link>
<guid isPermaLink="false">http://www.engadget.com/2014/04/18/engadget-podcast-393/</guid>
<comments>http://www.engadget.com/2014/04/18/engadget-podcast-393/?utm_source=Classic_Podcasts_Mp3&amp;utm_medium=feed&amp;utm_campaign=Engadget#comments</comments><description>
<![CDATA[
<p>Filed under: <a href="http://www.engadget.com/category/podcasts/?utm_source=Classic_Podcasts_Mp3&amp;utm_medium=feed&amp;utm_campaign=Engadget" rel="tag">Podcasts</a></p>
<p class="image-container" style="text-align: center;"><a href="http://www.engadget.com/2014/04/18/engadget-podcast-393/?utm_source=Classic_Podcasts_Mp3&amp;utm_medium=feed&amp;utm_campaign=Engadget"><img data-credit="AOL" data-mep="223885" src="http://o.aolcdn.com/hss/storage/midas/1b0e839ea92d70a8dd1ea0cc05e5765b/200046458/engadget-classic-630.jpg" alt="" /></a></p>

<p>We have <a href="http://www.engadget.com/2014/04/14/engadget-podcast-392-whiskey-edition/?utm_source=Classic_Podcasts_Mp3&amp;utm_medium=feed&amp;utm_campaign=Engadget">less libations</a>, but more tech-related news than last week's peaty podcast and that's just fine for your sleep-deprived hosts. First up is some informed speculation on Amazon's new smartphone, based on <a href="http://www.engadget.com/2014/04/15/amazon-phone-pictures/?utm_source=Classic_Podcasts_Mp3&amp;utm_medium=feed&amp;utm_campaign=Engadget">a few inconclusive photos</a> that recently surfaced. Another work in progress is <a href="http://www.engadget.com/2014/04/15/project-ara-modular-smartphone/?utm_source=Classic_Podcasts_Mp3&amp;utm_medium=feed&amp;utm_campaign=Engadget">Google's Project Ara</a>, a modular concept that looks to make swappable smartphone parts a reality. The one thing that's all too real and in your face, however, is the recent Heartbleed exploit, which has had widespread impact across the web. While you're racing to update all those passwords -- yes, it's OK to <a href="http://www.engadget.com/2014/04/09/how-to-avoid-heartbleed/?utm_source=Classic_Podcasts_Mp3&amp;utm_medium=feed&amp;utm_campaign=Engadget">do that </a><em><a href="http://www.engadget.com/2014/04/09/how-to-avoid-heartbleed/?utm_source=Classic_Podcasts_Mp3&amp;utm_medium=feed&amp;utm_campaign=Engadget">now</a> -- </em>it couldn't hurt to <a href="http://www.engadget.com/2014/04/12/heartbleed-explained/?utm_source=Classic_Podcasts_Mp3&amp;utm_medium=feed&amp;utm_campaign=Engadget">get a refresher</a> on exactly what happened and <a href="http://www.engadget.com/2014/04/09/google-heartbleed-patch-info/?utm_source=Classic_Podcasts_Mp3&amp;utm_medium=feed&amp;utm_campaign=Engadget">which sites were affected</a>. So head on down to the streaming links and get your brain fix with this week's episode of the Engadget Podcast.</p>

<p><strong>Hosts:</strong><span> <a href="http://www.engadget.com/about/editors/terrence-obrien/?utm_source=Classic_Podcasts_Mp3&amp;utm_medium=feed&amp;utm_campaign=Engadget">Terrence O'Brien</a>,</span> <a href="http://www.engadget.com/about/editors/ben-gilbert/?utm_source=Classic_Podcasts_Mp3&amp;utm_medium=feed&amp;utm_campaign=Engadget">Ben Gilbert</a></p>

<p><strong>Producer:</strong> <a href="http://www.engadget.com/about/editors/jon-turi/?utm_source=Classic_Podcasts_Mp3&amp;utm_medium=feed&amp;utm_campaign=Engadget">Jon Turi</a></p>

<p><strong>Hear the podcast:</strong><br />
 <object -flash="" application="" data="http://www.weblogsinc.com/media/audio_player.swf" height="100" type="application/x-shockwave-flash" width="330" x-shockwave=""><param name="movie" value="http://www.weblogsinc.com/media/audio_player.swf" /><param name="FlashVars" value="soundFile=http://podcasts.aolcdn.com/engadget/podcasts/Engadget_Podcast_393.mp3" /><param name="quality" value="high" /><param name="menu" value="false" /><param name="wmode" value="transparent" /></object></p>
<p><a href="http://www.engadget.com/2014/04/18/engadget-podcast-393/?utm_source=Classic_Podcasts_Mp3&amp;utm_medium=feed&amp;utm_campaign=Engadget" rel="bookmark">Read the Full Story <em>Engadget Podcast 393 - 4.18.14</em></a></p>
<h6 style="clear: both; padding: 8px 0 0 0; height: 2px; font-size: 1px; border: 0; margin: 0; padding: 0;"></h6>

<a href="http://www.engadget.com/2014/04/18/engadget-podcast-393/?utm_source=Classic_Podcasts_Mp3&amp;utm_medium=feed&amp;utm_campaign=Engadget" rel="bookmark" title="Permanent link to this entry">Permalink</a>
&nbsp;|&nbsp;
<a href="http://www.engadget.com/forward/20871841/?utm_source=Classic_Podcasts_Mp3&amp;utm_medium=feed&amp;utm_campaign=Engadget" title="Send this entry to a friend via email">Email this</a>
&nbsp;|&nbsp;
<a href="http://www.engadget.com/2014/04/18/engadget-podcast-393/?utm_source=Classic_Podcasts_Mp3&amp;utm_medium=feed&amp;utm_campaign=Engadget#comments" title="View reader comments on this entry">Comments</a>
]]>
</description>
<category>engadget podcast</category><category>heartbleed</category><category>minipost</category><category>podcast</category><category>podcasts</category><category>project ara</category>
<enclosure url="http://www.engadget.com/podcasts/Engadget_Podcast_393.mp3" length="46997222" type="audio/mpeg"/>
<dc:creator><![CDATA[Jon Turi]]></dc:creator>
<pubDate>Fri, 18 Apr 2014 17:01:00 -0400</pubDate>
<itunes:subtitle>Engadget Podcast 393</itunes:subtitle><itunes:author>Terrence O'Brien, Ben Gilbert</itunes:author><itunes:duration>52:30</itunes:duration><itunes:keywords>podcasts</itunes:keywords>
</item>



<item>
<title><![CDATA[Engadget Podcast 392: The whiskey 'sode]]></title>
<link>http://www.engadget.com/2014/04/14/engadget-podcast-392-whiskey-edition/?utm_source=Classic_Podcasts_Mp3&amp;utm_medium=feed&amp;utm_campaign=Engadget</link>
<guid isPermaLink="false">http://www.engadget.com/2014/04/14/engadget-podcast-392-whiskey-edition/</guid>
<comments>http://www.engadget.com/2014/04/14/engadget-podcast-392-whiskey-edition/?utm_source=Classic_Podcasts_Mp3&amp;utm_medium=feed&amp;utm_campaign=Engadget#comments</comments><description>
<![CDATA[
<p>Filed under: <a href="http://www.engadget.com/category/podcasts/?utm_source=Classic_Podcasts_Mp3&amp;utm_medium=feed&amp;utm_campaign=Engadget" rel="tag">Podcasts</a></p>
<div style="text-align: center;"><a href="http://www.engadget.com/2014/04/14/engadget-podcast-392-whiskey-edition/?utm_source=Classic_Podcasts_Mp3&amp;utm_medium=feed&amp;utm_campaign=Engadget"><img data-credit="Alamy" data-mep="217156" src="http://o.aolcdn.com/hss/storage/midas/17241cc68b7271c846a26bf8314804d5/200030940/podcast-392-hed-3.jpg" alt="" /></a></div>

<p>After a chance meeting with <a href="https://drinkdistiller.com/">Distiller app</a> co-founder Mikael Mossberg and in-house whiskey expert Stephanie Moreno at this year's <a href="http://www.engadget.com/2014/03/12/sxsw-2014-wrap-up/?utm_source=Classic_Podcasts_Mp3&amp;utm_medium=feed&amp;utm_campaign=Engadget">SXSW event</a>, a unique podcast concept was born. In this Very Special Episode, our guests serve as spirit guides, taking us through the business and production end of the whiskey trade. They also offer some sage advice on sampling and understanding the nuances of this popular adult beverage. Feel free to drink along (for those 21 and over) as we discuss and sample a selection of <a href="https://drinkdistiller.com/#!/spirits/hudson-single-malt">whiskey</a>, <a href="https://drinkdistiller.com/#!/spirits/springbank-10">scotch</a> and <a href="http://drinkdistiller.com/#!/spirits/colonel-e-h-taylor-straight-rye-whiskey">rye</a>. So <a href="http://www.engadget.com/2013/09/20/linn-sondek-highland-park-anniversary-edition/?utm_source=Classic_Podcasts_Mp3&amp;utm_medium=feed&amp;utm_campaign=Engadget">get comfortable</a>, grab your glass and join us for this special edition of the Engadget Podcast. Cheers!</p>

<p><strong>Hosts:</strong><span> <a href="http://www.engadget.com/about/editors/terrence-obrien/?utm_source=Classic_Podcasts_Mp3&amp;utm_medium=feed&amp;utm_campaign=Engadget">Terrence O'Brien</a>, <a href="http://www.engadget.com/about/editors/joseph-volpe/?utm_source=Classic_Podcasts_Mp3&amp;utm_medium=feed&amp;utm_campaign=Engadget">Joseph Volpe</a></span>, <a href="http://www.engadget.com/about/editors/ben-gilbert/?utm_source=Classic_Podcasts_Mp3&amp;utm_medium=feed&amp;utm_campaign=Engadget">Ben Gilbert</a><br />
<br />
<strong>Guests:</strong> <a href="https://twitter.com/brooklynwino">Stephanie Moreno</a>, <a href="https://twitter.com/mikaelgm">Mikael Mossberg</a><br />
<br />
<strong>Producer:</strong> <a href="http://www.engadget.com/about/editors/jon-turi/?utm_source=Classic_Podcasts_Mp3&amp;utm_medium=feed&amp;utm_campaign=Engadget">Jon Turi</a></p>

<p><strong>Hear the podcast:</strong><br />
 <object -flash="" application="" data="http://www.weblogsinc.com/media/audio_player.swf" height="100" type="application/x-shockwave-flash" width="330" x-shockwave=""><param name="movie" value="http://www.weblogsinc.com/media/audio_player.swf" /><param name="FlashVars" value="soundFile=http://podcasts.aolcdn.com/engadget/podcasts/Engadget_Podcast_392.mp3" /><param name="quality" value="high" /><param name="menu" value="false" /><param name="wmode" value="transparent" /></object></p>
<p><a href="http://www.engadget.com/2014/04/14/engadget-podcast-392-whiskey-edition/?utm_source=Classic_Podcasts_Mp3&amp;utm_medium=feed&amp;utm_campaign=Engadget" rel="bookmark">Read the Full Story <em>Engadget Podcast 392: The whiskey 'sode</em></a></p>
<h6 style="clear: both; padding: 8px 0 0 0; height: 2px; font-size: 1px; border: 0; margin: 0; padding: 0;"></h6>

<a href="http://www.engadget.com/2014/04/14/engadget-podcast-392-whiskey-edition/?utm_source=Classic_Podcasts_Mp3&amp;utm_medium=feed&amp;utm_campaign=Engadget" rel="bookmark" title="Permanent link to this entry">Permalink</a>
&nbsp;|&nbsp;
<a href="http://www.engadget.com/forward/20868696/?utm_source=Classic_Podcasts_Mp3&amp;utm_medium=feed&amp;utm_campaign=Engadget" title="Send this entry to a friend via email">Email this</a>
&nbsp;|&nbsp;
<a href="http://www.engadget.com/2014/04/14/engadget-podcast-392-whiskey-edition/?utm_source=Classic_Podcasts_Mp3&amp;utm_medium=feed&amp;utm_campaign=Engadget#comments" title="View reader comments on this entry">Comments</a>
]]>
</description>
<category>discovery app</category><category>distiller</category><category>engadget podcast</category><category>engadgetpodcast</category><category>minipost</category><category>podcast</category><category>podcasts</category><category>very special episode</category><category>veryspecialepisode</category><category>vse</category><category>whiskey</category>
<enclosure url="http://www.engadget.com/podcasts/Engadget_Podcast_392.mp3" length="53593986" type="audio/mpeg"/>
<dc:creator><![CDATA[Jon Turi]]></dc:creator>
<pubDate>Mon, 14 Apr 2014 17:00:00 -0400</pubDate>
<itunes:subtitle>Engadget Podcast 392 (Whiskey edition)</itunes:subtitle><itunes:author>Joseph Volpe, Terrence O'Brien, Ben Gilbert</itunes:author><itunes:duration>1:07:45</itunes:duration><itunes:keywords>podcasts</itunes:keywords>
</item>



<item>
<title><![CDATA[Engadget Podcast 391 - 4.4.14]]></title>
<link>http://www.engadget.com/2014/04/04/engadget-podcast-391/?utm_source=Classic_Podcasts_Mp3&amp;utm_medium=feed&amp;utm_campaign=Engadget</link>
<guid isPermaLink="false">http://www.engadget.com/2014/04/04/engadget-podcast-391/</guid>
<comments>http://www.engadget.com/2014/04/04/engadget-podcast-391/?utm_source=Classic_Podcasts_Mp3&amp;utm_medium=feed&amp;utm_campaign=Engadget#comments</comments><description>
<![CDATA[
<p>Filed under: <a href="http://www.engadget.com/category/podcasts/?utm_source=Classic_Podcasts_Mp3&amp;utm_medium=feed&amp;utm_campaign=Engadget" rel="tag">Podcasts</a></p>
<p class="image-container" style="text-align: center;"><a href="http://www.engadget.com/2014/04/04/engadget-podcast-391/?utm_source=Classic_Podcasts_Mp3&amp;utm_medium=feed&amp;utm_campaign=Engadget"><img data-credit="AOL" src="http://o.aolcdn.com/hss/storage/midas/1b0e839ea92d70a8dd1ea0cc05e5765b/200046458/engadget-classic-630.jpg" data-mep="223887" alt="" /></a></p>

<p>Things are heating up in the podcast studio this week and it's either Terrence's cardigan, Amazon's new <a href="http://www.engadget.com/2014/04/02/amazons-fire-tv-hands-on/?utm_source=Classic_Podcasts_Mp3&amp;utm_medium=feed&amp;utm_campaign=Engadget">Fire TV</a> or the residual effects of Joseph's encounter with <a href="http://www.engadget.com/2014/04/03/felix-baumgartner-smithsonian/?utm_source=Classic_Podcasts_Mp3&amp;utm_medium=feed&amp;utm_campaign=Engadget">a real action hero</a>. There's also a pile of news that came out of <a href="http://www.engadget.com/event/build2014/articles/?utm_source=Classic_Podcasts_Mp3&amp;utm_medium=feed&amp;utm_campaign=Engadget">Microsoft's Build conference</a>, which isn't surprising considering how long it dragged on. Redmond's own has released Windows Phone 8.1 -- complete with notifications (!) and the <a href="http://www.engadget.com/2014/04/02/windows-phone-cortana-hands-on/?utm_source=Classic_Podcasts_Mp3&amp;utm_medium=feed&amp;utm_campaign=Engadget">Cortana voice-search tool</a> -- amidst a flurry of other news. Having had <a href="http://www.engadget.com/2014/04/02/an-afternoon-with-the-fire-tv/?utm_source=Classic_Podcasts_Mp3&amp;utm_medium=feed&amp;utm_campaign=Engadget">a few days</a> with Amazon's new streaming box already, the crew offers insights about the development of the Fire eco-system and its <a href="http://www.engadget.com/2014/04/02/fire-tv-games/?utm_source=Classic_Podcasts_Mp3&amp;utm_medium=feed&amp;utm_campaign=Engadget">chops as a gaming device</a>. We've got plenty in store, so be sure to head to the streaming links below for this week's episode of the Engadget Podcast.</p>

<p><strong>Hosts:</strong><span> <a href="http://www.engadget.com/about/editors/terrence-obrien/?utm_source=Classic_Podcasts_Mp3&amp;utm_medium=feed&amp;utm_campaign=Engadget">Terrence O'Brien</a>, <a href="http://www.engadget.com/about/editors/joseph-volpe/?utm_source=Classic_Podcasts_Mp3&amp;utm_medium=feed&amp;utm_campaign=Engadget">Joseph Volpe</a></span>, <a href="http://www.engadget.com/about/editors/ben-gilbert/?utm_source=Classic_Podcasts_Mp3&amp;utm_medium=feed&amp;utm_campaign=Engadget">Ben Gilbert</a></p>

<p><strong>Producer:</strong> <a href="http://www.engadget.com/about/editors/jon-turi/?utm_source=Classic_Podcasts_Mp3&amp;utm_medium=feed&amp;utm_campaign=Engadget">Jon Turi</a></p>

<p><strong>Hear the podcast:</strong><br />
 <object -flash="" application="" data="http://www.weblogsinc.com/media/audio_player.swf" height="100" type="application/x-shockwave-flash" width="330" x-shockwave=""><param name="movie" value="http://www.weblogsinc.com/media/audio_player.swf" /><param name="FlashVars" value="soundFile=http://podcasts.aolcdn.com/engadget/podcasts/Engadget_Podcast_391.mp3" /><param name="quality" value="high" /><param name="menu" value="false" /><param name="wmode" value="transparent" /></object></p>
<p><a href="http://www.engadget.com/2014/04/04/engadget-podcast-391/?utm_source=Classic_Podcasts_Mp3&amp;utm_medium=feed&amp;utm_campaign=Engadget" rel="bookmark">Read the Full Story <em>Engadget Podcast 391 - 4.4.14</em></a></p>
<h6 style="clear: both; padding: 8px 0 0 0; height: 2px; font-size: 1px; border: 0; margin: 0; padding: 0;"></h6>

<a href="http://www.engadget.com/2014/04/04/engadget-podcast-391/?utm_source=Classic_Podcasts_Mp3&amp;utm_medium=feed&amp;utm_campaign=Engadget" rel="bookmark" title="Permanent link to this entry">Permalink</a>
&nbsp;|&nbsp;
<a href="http://www.engadget.com/forward/20862441/?utm_source=Classic_Podcasts_Mp3&amp;utm_medium=feed&amp;utm_campaign=Engadget" title="Send this entry to a friend via email">Email this</a>
&nbsp;|&nbsp;
<a href="http://www.engadget.com/2014/04/04/engadget-podcast-391/?utm_source=Classic_Podcasts_Mp3&amp;utm_medium=feed&amp;utm_campaign=Engadget#comments" title="View reader comments on this entry">Comments</a>
]]>
</description>
<category>engadget podcast</category><category>engadgetpodcast</category><category>minipost</category><category>podcast</category><category>podcasts</category>
<enclosure url="http://www.engadget.com/podcasts/Engadget_Podcast_391.mp3" length="68726106" type="audio/mpeg"/>
<dc:creator><![CDATA[Jon Turi]]></dc:creator>
<pubDate>Fri, 04 Apr 2014 19:48:00 -0400</pubDate>
<itunes:subtitle>Engadget Podcast 391</itunes:subtitle><itunes:author>Joseph Volpe, Ben Gilbert, Terrence O'Brien</itunes:author><itunes:duration>1:18:47</itunes:duration><itunes:keywords>podcasts</itunes:keywords>
</item>

<item>
<title><![CDATA[The Engadget Podcast is live at 12PM ET!]]></title>
<link>http://www.engadget.com/2014/04/04/engadget-podcast/?utm_source=Classic_Podcasts_Mp3&amp;utm_medium=feed&amp;utm_campaign=Engadget</link>
<guid isPermaLink="false">http://www.engadget.com/2014/04/04/engadget-podcast/</guid>
<comments>http://www.engadget.com/2014/04/04/engadget-podcast/?utm_source=Classic_Podcasts_Mp3&amp;utm_medium=feed&amp;utm_campaign=Engadget#comments</comments><description>
<![CDATA[
<p>Filed under: <a href="http://www.engadget.com/category/gaming/?utm_source=Classic_Podcasts_Mp3&amp;utm_medium=feed&amp;utm_campaign=Engadget" rel="tag">Gaming</a>, <a href="http://www.engadget.com/category/podcasts/?utm_source=Classic_Podcasts_Mp3&amp;utm_medium=feed&amp;utm_campaign=Engadget" rel="tag">Podcasts</a>, <a href="http://www.engadget.com/category/microsoft/?utm_source=Classic_Podcasts_Mp3&amp;utm_medium=feed&amp;utm_campaign=Engadget" rel="tag">Microsoft</a>, <a href="http://www.engadget.com/category/amazon/?utm_source=Classic_Podcasts_Mp3&amp;utm_medium=feed&amp;utm_campaign=Engadget" rel="tag">Amazon</a></p>
<p class="image-container" style="text-align: center;"><a href="http://www.engadget.com/2014/04/04/engadget-podcast/?utm_source=Classic_Podcasts_Mp3&amp;utm_medium=feed&amp;utm_campaign=Engadget"><img alt="" src="http://o.aolcdn.com/hss/storage/midas/690e40155fc7287874bfc777dfdca27a/200008437/aliciakeys_firetv_FIARRRRRRR.jpg" /></a></p>

<p>Spring is in the air, <a href="http://www.engadget.com/tag/firetv?utm_source=Classic_Podcasts_Mp3&amp;utm_medium=feed&amp;utm_campaign=Engadget">our TVs are on Fire</a>, and we're all back together once again for another episode of The Engadget Podcast. Amazon wasn't the only circus in town this week; <a href="http://www.engadget.com/event/build2014/articles/?utm_source=Classic_Podcasts_Mp3&amp;utm_medium=feed&amp;utm_campaign=Engadget">Microsoft's Build conference</a> enthralled gaggles of developers with talk of Windows 8.1, Windows Phone 8.1, and a fictional blue AI lending her voice to the latter via Cortana. Oh, and Apple finally announced their big TV initiative. <a href="http://www.engadget.com/2014/04/01/april-fools-2014-roundup/?utm_source=Classic_Podcasts_Mp3&amp;utm_medium=feed&amp;utm_campaign=Engadget">APRIL FOOLS!</a> </p>

<p>Join us at noon ET in the stream below! Bring your questions, and a donut or two wouldn't hurt. We like donuts.</p>
<p><a href="http://www.engadget.com/2014/04/04/engadget-podcast/?utm_source=Classic_Podcasts_Mp3&amp;utm_medium=feed&amp;utm_campaign=Engadget" rel="bookmark">Read the Full Story <em>The Engadget Podcast is live at 12PM ET!</em></a></p>
<h6 style="clear: both; padding: 8px 0 0 0; height: 2px; font-size: 1px; border: 0; margin: 0; padding: 0;"></h6>

<a href="http://www.engadget.com/2014/04/04/engadget-podcast/?utm_source=Classic_Podcasts_Mp3&amp;utm_medium=feed&amp;utm_campaign=Engadget" rel="bookmark" title="Permanent link to this entry">Permalink</a>
&nbsp;|&nbsp;
<a href="http://www.engadget.com/forward/20862996/?utm_source=Classic_Podcasts_Mp3&amp;utm_medium=feed&amp;utm_campaign=Engadget" title="Send this entry to a friend via email">Email this</a>
&nbsp;|&nbsp;
<a href="http://www.engadget.com/2014/04/04/engadget-podcast/?utm_source=Classic_Podcasts_Mp3&amp;utm_medium=feed&amp;utm_campaign=Engadget#comments" title="View reader comments on this entry">Comments</a>
]]>
</description>
<category>amazon</category><category>build2014</category><category>firetv</category><category>microsoft</category><category>podcast</category><category>podcasts</category>

<dc:creator><![CDATA[Ben Gilbert]]></dc:creator>
<pubDate>Fri, 04 Apr 2014 12:30:00 -0400</pubDate>

</item>



<item>
<title><![CDATA[Engadget Podcast 390 - 3.28.14]]></title>
<link>http://www.engadget.com/2014/03/28/engadget-podcast-390/?utm_source=Classic_Podcasts_Mp3&amp;utm_medium=feed&amp;utm_campaign=Engadget</link>
<guid isPermaLink="false">http://www.engadget.com/2014/03/28/engadget-podcast-390/</guid>
<comments>http://www.engadget.com/2014/03/28/engadget-podcast-390/?utm_source=Classic_Podcasts_Mp3&amp;utm_medium=feed&amp;utm_campaign=Engadget#comments</comments><description>
<![CDATA[
<p>Filed under: <a href="http://www.engadget.com/category/podcasts/?utm_source=Classic_Podcasts_Mp3&amp;utm_medium=feed&amp;utm_campaign=Engadget" rel="tag">Podcasts</a></p>
<p><a href="http://www.engadget.com/2014/03/28/engadget-podcast-390/?utm_source=Classic_Podcasts_Mp3&amp;utm_medium=feed&amp;utm_campaign=Engadget"><img data-credit="AOL" data-mep="194496" src="http://o.aolcdn.com/hss/storage/adam/a4bc6fecbd2d04b593b919594b31e15b/engadget-classic-630.jpg" alt="" /></a></p>

<p>It helps if you're <a href="http://www.engadget.com/2014/03/25/palmer-luckey-on-oculus-facebook-acquisition/?utm_source=Classic_Podcasts_Mp3&amp;utm_medium=feed&amp;utm_campaign=Engadget">born Luckey</a>, but if you also work hard at building Oculus Rift, the rewards are apparently somewhere in the <a href="http://www.engadget.com/2014/03/25/facebook-oculus-vr-2-billion/?utm_source=Classic_Podcasts_Mp3&amp;utm_medium=feed&amp;utm_campaign=Engadget">ballpark of $2 billion dollars</a>. Not Dr. Evil levels, to be sure, but you could certainly equip a school of dolphins with lasers, or buy a ton of dogecoins. If you haven't guessed, Joseph and Ben focus on <a href="http://www.engadget.com/2014/03/26/can-oculus-survive-the-facebook-effect/?utm_source=Classic_Podcasts_Mp3&amp;utm_medium=feed&amp;utm_campaign=Engadget">Facebook's recent announcement</a> to purchase Oculus VR. Terrence is on hand, but seems to be resting his eyes and mumbling something about sheep. In contrast, Ben is feeling well rested, although he <em>has</em> spent most of his vacation <s>playing</s> learning how to play <a href="http://www.joystiq.com/2014/03/14/dark-souls-2-review-death-becomes-you/">Dark Souls 2</a>. While he displays the smug smile of someone who's finally cracked that nut, Joseph pilots the podcast through a series of bizarre dream sequences. Oh, and if you want to get up to speed on the week in tech news, you've come to the right place for that, too. As for details about <a href="http://youtu.be/Bt7CdD08IkE">accelerated custard</a>, we can't help you there, but everything else you need to know is down below at the Engadget Podcast streaming links. You're welcome.</p>

<p><strong>Hosts:</strong><span> <a href="http://www.engadget.com/about/editors/terrence-obrien/?utm_source=Classic_Podcasts_Mp3&amp;utm_medium=feed&amp;utm_campaign=Engadget">Terrence O'Brien</a>, <a href="http://www.engadget.com/about/editors/joseph-volpe/?utm_source=Classic_Podcasts_Mp3&amp;utm_medium=feed&amp;utm_campaign=Engadget">Joseph Volpe</a></span>, <a href="http://www.engadget.com/about/editors/ben-gilbert/?utm_source=Classic_Podcasts_Mp3&amp;utm_medium=feed&amp;utm_campaign=Engadget">Ben Gilbert</a></p>

<p><strong>Producer:</strong> <a href="http://www.engadget.com/about/editors/jon-turi/?utm_source=Classic_Podcasts_Mp3&amp;utm_medium=feed&amp;utm_campaign=Engadget">Jon Turi</a></p>

<p><strong>Hear the podcast:</strong><br />
 <object -flash="" application="" data="http://www.weblogsinc.com/media/audio_player.swf" height="100" type="application/x-shockwave-flash" width="330" x-shockwave=""><param name="movie" value="http://www.weblogsinc.com/media/audio_player.swf" /><param name="FlashVars" value="soundFile=http://podcasts.aolcdn.com/engadget/podcasts/Engadget_Podcast_390.mp3" /><param name="quality" value="high" /><param name="menu" value="false" /><param name="wmode" value="transparent" /></object></p>
<p><a href="http://www.engadget.com/2014/03/28/engadget-podcast-390/?utm_source=Classic_Podcasts_Mp3&amp;utm_medium=feed&amp;utm_campaign=Engadget" rel="bookmark">Read the Full Story <em>Engadget Podcast 390 - 3.28.14</em></a></p>
<h6 style="clear: both; padding: 8px 0 0 0; height: 2px; font-size: 1px; border: 0; margin: 0; padding: 0;"></h6>

<a href="http://www.engadget.com/2014/03/28/engadget-podcast-390/?utm_source=Classic_Podcasts_Mp3&amp;utm_medium=feed&amp;utm_campaign=Engadget" rel="bookmark" title="Permanent link to this entry">Permalink</a>
&nbsp;|&nbsp;
<a href="http://www.engadget.com/forward/20859008/?utm_source=Classic_Podcasts_Mp3&amp;utm_medium=feed&amp;utm_campaign=Engadget" title="Send this entry to a friend via email">Email this</a>
&nbsp;|&nbsp;
<a href="http://www.engadget.com/2014/03/28/engadget-podcast-390/?utm_source=Classic_Podcasts_Mp3&amp;utm_medium=feed&amp;utm_campaign=Engadget#comments" title="View reader comments on this entry">Comments</a>
]]>
</description>
<category>engadget podcast</category><category>engadgetpodcast</category><category>minipost</category><category>podcast</category><category>podcasts</category>
<enclosure url="http://www.engadget.com/podcasts/Engadget_Podcast_390.mp3" length="56910710" type="audio/mpeg"/>
<dc:creator><![CDATA[Jon Turi]]></dc:creator>
<pubDate>Fri, 28 Mar 2014 17:52:00 -0400</pubDate>
<itunes:subtitle>Engadget Podcast 390</itunes:subtitle><itunes:author>Joseph Volpe, Ben Gilbert, Terrence O'Brien</itunes:author><itunes:duration>1:04:42</itunes:duration><itunes:keywords>podcasts</itunes:keywords>
</item>

<item>
<title><![CDATA[The Engadget Podcast is live at 12PM ET!]]></title>
<link>http://www.engadget.com/2014/03/28/engadget-podcast-oculus-facebook/?utm_source=Classic_Podcasts_Mp3&amp;utm_medium=feed&amp;utm_campaign=Engadget</link>
<guid isPermaLink="false">http://www.engadget.com/2014/03/28/engadget-podcast-oculus-facebook/</guid>
<comments>http://www.engadget.com/2014/03/28/engadget-podcast-oculus-facebook/?utm_source=Classic_Podcasts_Mp3&amp;utm_medium=feed&amp;utm_campaign=Engadget#comments</comments><description>
<![CDATA[
<p>Filed under: <a href="http://www.engadget.com/category/podcasts/?utm_source=Classic_Podcasts_Mp3&amp;utm_medium=feed&amp;utm_campaign=Engadget" rel="tag">Podcasts</a></p>
<div style="text-align: center;"><a href="http://www.engadget.com/2014/03/28/engadget-podcast-oculus-facebook/?utm_source=Classic_Podcasts_Mp3&amp;utm_medium=feed&amp;utm_campaign=Engadget"><img data-credit="AOL" data-mep="193763" src="http://o.aolcdn.com/hss/storage/adam/833e0171ec817c421717599a5cac7ba3/engadget-classic-630.jpg" alt="" /></a></div>

<p>Oh <a href="http://www.engadget.com/2014/03/19/oculus-rift-development-kit-2/?utm_source=Classic_Podcasts_Mp3&amp;utm_medium=feed&amp;utm_campaign=Engadget">Oculus</a>, we hardly knew ye and <a href="http://www.engadget.com/2014/03/25/facebook-oculus-vr-2-billion/?utm_source=Classic_Podcasts_Mp3&amp;utm_medium=feed&amp;utm_campaign=Engadget">now you're a part of the Zucker<em>borg</em></a>. <a href="http://www.engadget.com/2014/03/26/can-oculus-survive-the-facebook-effect/?utm_source=Classic_Podcasts_Mp3&amp;utm_medium=feed&amp;utm_campaign=Engadget">Whither goes your Rift?</a> Is Virtual Reality now just a <a href="http://www.engadget.com/2014/03/28/facebook-on-oculus-rift/?utm_source=Classic_Podcasts_Mp3&amp;utm_medium=feed&amp;utm_campaign=Engadget">shill for status updates</a>, virtual walls you can poster and an even more immersive way to experience other people's vacation photos? <em>Shudder</em>. This isn't how it was meant to be -- how <em>we</em> thought it would be -- but then again, we'd pretty much do anything for $2 billion, too. So, who are we to judge? Oh, that's right, we're the Engadget <em>Enemigos!</em> And we're here to sip some coffee and talk you through the surprise of Palmer Luckey's lucky stroke of Facebook fortune. We might even touch upon <a href="http://www.engadget.com/2014/03/25/htc-one-2014-review/?utm_source=Classic_Podcasts_Mp3&amp;utm_medium=feed&amp;utm_campaign=Engadget">HTC's slippery and brand spankin' new One</a> -- <em>if</em> you behave.</p>

<p>It's all happening at noon today, so turn on, tune in and loves us, won't you?</p>

<p><em><small>[Image credit: Denelson83 / Wikimedia Commons (Test Pattern)]</small></em></p>
<p><a href="http://www.engadget.com/2014/03/28/engadget-podcast-oculus-facebook/?utm_source=Classic_Podcasts_Mp3&amp;utm_medium=feed&amp;utm_campaign=Engadget" rel="bookmark">Read the Full Story <em>The Engadget Podcast is live at 12PM ET!</em></a></p>
<h6 style="clear: both; padding: 8px 0 0 0; height: 2px; font-size: 1px; border: 0; margin: 0; padding: 0;"></h6>

<a href="http://www.engadget.com/2014/03/28/engadget-podcast-oculus-facebook/?utm_source=Classic_Podcasts_Mp3&amp;utm_medium=feed&amp;utm_campaign=Engadget" rel="bookmark" title="Permanent link to this entry">Permalink</a>
&nbsp;|&nbsp;
<a href="http://www.engadget.com/forward/20858764/?utm_source=Classic_Podcasts_Mp3&amp;utm_medium=feed&amp;utm_campaign=Engadget" title="Send this entry to a friend via email">Email this</a>
&nbsp;|&nbsp;
<a href="http://www.engadget.com/2014/03/28/engadget-podcast-oculus-facebook/?utm_source=Classic_Podcasts_Mp3&amp;utm_medium=feed&amp;utm_campaign=Engadget#comments" title="View reader comments on this entry">Comments</a>
]]>
</description>
<category>engadgetpodcast</category><category>facebook</category><category>htcone2014</category><category>oculus</category><category>OculusRift</category><category>PalmerLuckey</category><category>Podcasts</category><category>poll</category><category>vr</category><category>wedgies</category>

<dc:creator><![CDATA[Joseph Volpe]]></dc:creator>
<pubDate>Fri, 28 Mar 2014 12:30:00 -0400</pubDate>

</item>




<item>
<title><![CDATA[Engadget Podcast 389 - 3.21.14]]></title>
<link>http://www.engadget.com/2014/03/21/engadget-podcast-389/?utm_source=Classic_Podcasts_Mp3&amp;utm_medium=feed&amp;utm_campaign=Engadget</link>
<guid isPermaLink="false">http://www.engadget.com/2014/03/21/engadget-podcast-389/</guid>
<comments>http://www.engadget.com/2014/03/21/engadget-podcast-389/?utm_source=Classic_Podcasts_Mp3&amp;utm_medium=feed&amp;utm_campaign=Engadget#comments</comments><description>
<![CDATA[
<p>Filed under: <a href="http://www.engadget.com/category/podcasts/?utm_source=Classic_Podcasts_Mp3&amp;utm_medium=feed&amp;utm_campaign=Engadget" rel="tag">Podcasts</a></p>
<p><a href="http://www.engadget.com/2014/03/21/engadget-podcast-389/?utm_source=Classic_Podcasts_Mp3&amp;utm_medium=feed&amp;utm_campaign=Engadget"><img data-credit="AOL" data-mep="181644" src="http://o.aolcdn.com/hss/storage/adam/a4bc6fecbd2d04b593b919594b31e15b/engadget-classic-630.jpg" alt="" /></a></p>

<p>Join us for an out-of-this-world episode with Joseph, @terrenceobrien and Ben (who's Skyping in from the land of blue skies and balmy weather). Experience Mars with <a href="http://www.engadget.com/2014/03/19/project-morpheus-hands-on/?utm_source=Classic_Podcasts_Mp3&amp;utm_medium=feed&amp;utm_campaign=Engadget">Sony's Project Morpheus</a>, hear Joseph's pitch for virtual reality installations at arcades around the country, and learn the truth about your pet cat -- spoiler alert:<em> it's an alien</em>. We've heard that robots are coming soon to a wrist near you courtesy of <a href="http://www.engadget.com/2014/03/18/google-android-wear/?utm_source=Classic_Podcasts_Mp3&amp;utm_medium=feed&amp;utm_campaign=Engadget">Google's new Android Wear platform</a>, but is the wearable world ready for a smartSwatch? There's news, speculation and insight, but definitely no <a href="http://www.engadget.com/2011/03/21/nintendo-virtual-boy-review/?utm_source=Classic_Podcasts_Mp3&amp;utm_medium=feed&amp;utm_campaign=Engadget">Virtual Boy</a> in this week's edition of the Engadget Podcast.</p>

<p><strong>Hosts:</strong><span> <a href="http://www.engadget.com/about/editors/terrence-obrien/?utm_source=Classic_Podcasts_Mp3&amp;utm_medium=feed&amp;utm_campaign=Engadget">Terrence O'Brien</a>, <a href="http://www.engadget.com/about/editors/joseph-volpe/?utm_source=Classic_Podcasts_Mp3&amp;utm_medium=feed&amp;utm_campaign=Engadget">Joseph Volpe</a></span>, <a href="http://www.engadget.com/about/editors/ben-gilbert/?utm_source=Classic_Podcasts_Mp3&amp;utm_medium=feed&amp;utm_campaign=Engadget">Ben Gilbert</a></p>

<p><strong>Producer:</strong> <a href="http://www.engadget.com/about/editors/jon-turi/?utm_source=Classic_Podcasts_Mp3&amp;utm_medium=feed&amp;utm_campaign=Engadget">Jon Turi</a></p>

<p><strong>Hear the podcast:</strong><br />
 <object -flash="" application="" data="http://www.weblogsinc.com/media/audio_player.swf" height="100" type="application/x-shockwave-flash" width="330" x-shockwave=""><param name="movie" value="http://www.weblogsinc.com/media/audio_player.swf" /><param name="FlashVars" value="soundFile=http://podcasts.aolcdn.com/engadget/podcasts/Engadget_Podcast_389.mp3" /><param name="quality" value="high" /><param name="menu" value="false" /><param name="wmode" value="transparent" /></object></p>
<p><a href="http://www.engadget.com/2014/03/21/engadget-podcast-389/?utm_source=Classic_Podcasts_Mp3&amp;utm_medium=feed&amp;utm_campaign=Engadget" rel="bookmark">Read the Full Story <em>Engadget Podcast 389 - 3.21.14</em></a></p>
<h6 style="clear: both; padding: 8px 0 0 0; height: 2px; font-size: 1px; border: 0; margin: 0; padding: 0;"></h6>

<a href="http://www.engadget.com/2014/03/21/engadget-podcast-389/?utm_source=Classic_Podcasts_Mp3&amp;utm_medium=feed&amp;utm_campaign=Engadget" rel="bookmark" title="Permanent link to this entry">Permalink</a>
&nbsp;|&nbsp;
<a href="http://www.engadget.com/forward/20853985/?utm_source=Classic_Podcasts_Mp3&amp;utm_medium=feed&amp;utm_campaign=Engadget" title="Send this entry to a friend via email">Email this</a>
&nbsp;|&nbsp;
<a href="http://www.engadget.com/2014/03/21/engadget-podcast-389/?utm_source=Classic_Podcasts_Mp3&amp;utm_medium=feed&amp;utm_campaign=Engadget#comments" title="View reader comments on this entry">Comments</a>
]]>
</description>
<category>engadget podcast</category><category>engadgetpodcast</category><category>minipost</category><category>podcast</category><category>podcasts</category>
<enclosure url="http://www.engadget.com/podcasts/Engadget_Podcast_389.mp3" length="50820231" type="audio/mpeg"/>
<dc:creator><![CDATA[Jon Turi]]></dc:creator>
<pubDate>Fri, 21 Mar 2014 18:30:00 -0400</pubDate>
<itunes:subtitle>Engadget Podcast 389</itunes:subtitle><itunes:author>Joseph Volpe, Terrence O'Brien, Ben Gilbert</itunes:author><itunes:duration>1:00:41</itunes:duration><itunes:keywords>podcasts</itunes:keywords>
</item>

<item>
<title><![CDATA[The Engadget Podcast is live at 11AM ET!]]></title>
<link>http://www.engadget.com/2014/03/21/engadget-podcast-vr/?utm_source=Classic_Podcasts_Mp3&amp;utm_medium=feed&amp;utm_campaign=Engadget</link>
<guid isPermaLink="false">http://www.engadget.com/2014/03/21/engadget-podcast-vr/</guid>
<comments>http://www.engadget.com/2014/03/21/engadget-podcast-vr/?utm_source=Classic_Podcasts_Mp3&amp;utm_medium=feed&amp;utm_campaign=Engadget#comments</comments><description>
<![CDATA[
<p>Filed under: <a href="http://www.engadget.com/category/podcasts/?utm_source=Classic_Podcasts_Mp3&amp;utm_medium=feed&amp;utm_campaign=Engadget" rel="tag">Podcasts</a></p>
<p class="image-container" style="text-align: center;"><a href="http://www.engadget.com/2014/03/21/engadget-podcast-vr/?utm_source=Classic_Podcasts_Mp3&amp;utm_medium=feed&amp;utm_campaign=Engadget"><img data-credit="AOL" data-mep="182061" src="http://o.aolcdn.com/hss/storage/adam/38b7df6c98fffc2542ec6699671a383/engadget-classic-630.jpg" alt="" /></a></p>

<p>You guys, virtual reality is here. Like, it's really, <em>really</em> a thing now thanks to <a href="http://www.engadget.com/2014/03/19/project-morpheus-hands-on/?utm_source=Classic_Podcasts_Mp3&amp;utm_medium=feed&amp;utm_campaign=Engadget">Morpheus</a> -- Sony's prototype VR headset for the PlayStation 4. That doodad, gizmobob, whatsamajunkit was just unveiled at the <a href="http://www.engadget.com/event/gdc2014/articles/?utm_source=Classic_Podcasts_Mp3&amp;utm_medium=feed&amp;utm_campaign=Engadget">Game Developers Conference</a> in San Francisco alongside a slew of other <a href="http://www.engadget.com/2014/03/19/oculus-rift-development-kit-2/?utm_source=Classic_Podcasts_Mp3&amp;utm_medium=feed&amp;utm_campaign=Engadget">VR gadgetry</a>, and our own Ben Gilbert lived through it all to tell the tale. So please join us, the <em>Three Engadget-y Amigos</em>, as we walk you back through the week in tech that was, make a few blue jokes along the way, and terrorize Terrence O'Brien with our mirth.</p>
<p><a href="http://www.engadget.com/2014/03/21/engadget-podcast-vr/?utm_source=Classic_Podcasts_Mp3&amp;utm_medium=feed&amp;utm_campaign=Engadget" rel="bookmark">Read the Full Story <em>The Engadget Podcast is live at 11AM ET!</em></a></p>
<h6 style="clear: both; padding: 8px 0 0 0; height: 2px; font-size: 1px; border: 0; margin: 0; padding: 0;"></h6>

<a href="http://www.engadget.com/2014/03/21/engadget-podcast-vr/?utm_source=Classic_Podcasts_Mp3&amp;utm_medium=feed&amp;utm_campaign=Engadget" rel="bookmark" title="Permanent link to this entry">Permalink</a>
&nbsp;|&nbsp;
<a href="http://www.engadget.com/forward/20853774/?utm_source=Classic_Podcasts_Mp3&amp;utm_medium=feed&amp;utm_campaign=Engadget" title="Send this entry to a friend via email">Email this</a>
&nbsp;|&nbsp;
<a href="http://www.engadget.com/2014/03/21/engadget-podcast-vr/?utm_source=Classic_Podcasts_Mp3&amp;utm_medium=feed&amp;utm_campaign=Engadget#comments" title="View reader comments on this entry">Comments</a>
]]>
</description>
<category>EngadgetPodcast</category><category>podcasts</category><category>poll</category><category>vr</category><category>wedgies</category>

<dc:creator><![CDATA[Joseph Volpe]]></dc:creator>
<pubDate>Fri, 21 Mar 2014 11:30:00 -0400</pubDate>

</item>

</channel></rss>